company_id,fiscal_year,total_assets,total_liabilities,shareholders_equity,total_debt,cash,currency
1,2016,,,,,14929000000.0,CAD
1,2017,1212853000000.0,1138425000000.0,,,28407000000.0,CAD
1,2018,1334734000000.0,1254779000000.0,,,30209000000.0,CAD
1,2019,1428935000000.0,1345310000000.0,,,26310000000.0,CAD
1,2020,1624548000000.0,1537781000000.0,,,118888000000.0,CAD
1,2021,1706323000000.0,1607561000000.0,,,113846000000.0,CAD
1,2022,1917219000000.0,1809044000000.0,,,72397000000.0,CAD
1,2023,2006531000000.0,1891384000000.0,,,61989000000.0,CAD
1,2024,2171582000000.0,2044390000000.0,,,56723000000.0,CAD
1,2025,2325006000000.0,2185855000000.0,,,37024000000.0,CAD
2,2015,,,,,3154000000.0,CAD
2,2016,1176967000000.0,,,,3907000000.0,CAD
2,2017,1278995000000.0,1203805000000.0,,,3971000000.0,CAD
2,2018,1334903000000.0,1254863000000.0,,,4735000000.0,CAD
2,2019,1415290000000.0,1327589000000.0,,,4863000000.0,CAD
2,2020,1715865000000.0,1620366000000.0,,,6445000000.0,CAD
2,2021,1728672000000.0,1628854000000.0,,,5931000000.0,CAD
2,2022,1917528000000.0,1806145000000.0,,,8556000000.0,CAD
2,2023,1955139000000.0,1843068000000.0,,,6721000000.0,CAD
2,2024,2061751000000.0,1946591000000.0,,,6437000000.0,CAD
2,2025,2094558000000.0,1966731000000.0,,,7512000000.0,CAD
3,2015,,,,,40295000000.0,CAD
3,2016,,,,,31653000000.0,CAD
3,2017,709580000000.0,,,,32599000000.0,CAD
3,2018,773293000000.0,,,,42142000000.0,CAD
3,2019,852195000000.0,,,,48803000000.0,CAD
3,2020,949261000000.0,892668000000.0,,,57408000000.0,CAD
3,2021,988175000000.0,930652000000.0,,,93261000000.0,CAD
3,2022,1139199000000.0,1068161000000.0,,,87466000000.0,CAD
3,2023,1347006000000.0,1270883000000.0,,,77934000000.0,CAD
3,2024,1409647000000.0,1325361000000.0,,,65098000000.0,CAD
3,2025,1476802000000.0,1388702000000.0,,,67484000000.0,CAD
4,2009,,,,,456000000.0,CAD
4,2010,,,,,376000000.0,CAD
4,2011,41494000000.0,30239000000.0,,,723000000.0,CAD
4,2012,46800000000.0,32296000000.0,,,1776000000.0,CAD
4,2013,57568000000.0,39005000000.0,,,756000000.0,CAD
4,2014,72857000000.0,51807000000.0,,,799000000.0,CAD
4,2015,84515000000.0,62176000000.0,,,654000000.0,CAD
4,2016,85209000000.0,59854000000.0,,,1494000000.0,CAD
4,2017,162093000000.0,92294000000.0,,,480000000.0,CAD
4,2018,166905000000.0,93470000000.0,,,518000000.0,CAD
4,2019,163157000000.0,93750000000.0,,,648000000.0,CAD
4,2020,160276000000.0,95913000000.0,,,452000000.0,CAD
4,2021,168864000000.0,105496000000.0,,,286000000.0,CAD
4,2022,179608000000.0,116210000000.0,,,861000000.0,CAD
4,2023,180317000000.0,115834000000.0,,,5901000000.0,CAD
4,2024,218973000000.0,150080000000.0,,,1803000000.0,CAD
4,2025,218475000000.0,152551000000.0,,,1094000000.0,CAD
5,2009,,,,,12632000.0,CAD
5,2010,,,,,12610000.0,CAD
5,2011,355486000.0,146040000.0,,,14078000.0,CAD
5,2012,403788000.0,158787000.0,,,22477000.0,CAD
5,2013,460203000.0,168013000.0,,,34201000.0,CAD
5,2014,484941000.0,167896000.0,,,34656000.0,CAD
5,2015,798991000.0,460845000.0,,,49825000.0,CAD
5,2016,1147418000.0,611781000.0,,,46216000.0,CAD
5,2017,1055835000.0,578661000.0,,,26552000.0,CAD
5,2018,977821000.0,520721000.0,,,18288000.0,CAD
5,2019,985217000.0,548547000.0,,,12175000.0,CAD
5,2020,730975000.0,516372000.0,,,24586000.0,CAD
5,2021,706544000.0,654677000.0,,,55193000.0,CAD
5,2022,616645000.0,498885000.0,,,58075000.0,CAD
5,2023,565744000.0,520148000.0,,,35427000.0,CAD
5,2024,528365000.0,526627000.0,,,35545000.0,CAD
5,2025,485453000.0,457983000.0,,,18145000.0,CAD
6,2009,,,,,899000000.0,CAD
6,2010,,,,,660000000.0,CAD
6,2011,47338000000.0,29079000000.0,,,654000000.0,CAD
6,2012,48333000000.0,30060000000.0,,,551000000.0,CAD
6,2013,53898000000.0,33762000000.0,,,927000000.0,CAD
6,2014,58525000000.0,37872000000.0,,,489000000.0,CAD
6,2015,64398000000.0,46243000000.0,,,850000000.0,CAD
6,2016,88051000000.0,60889000000.0,,,1016000000.0,CAD
6,2017,86101000000.0,59210000000.0,,,1089000000.0,CAD
6,2018,98920000000.0,67927000000.0,,,446000000.0,CAD
6,2019,99279000000.0,66882000000.0,,,1343000000.0,CAD
6,2020,100300000000.0,66827000000.0,,,1530000000.0,CAD
6,2021,104218000000.0,70822000000.0,,,673000000.0,CAD
6,2022,114348000000.0,80232000000.0,,,620000000.0,CAD
6,2023,125034000000.0,86026000000.0,,,3678000000.0,CAD
6,2024,118243000000.0,79883000000.0,,,801000000.0,CAD
6,2025,118751000000.0,81852000000.0,,,168000000.0,CAD
10,2008,,,,,117000000.0,CAD
10,2009,,,,,679000000.0,CAD
10,2010,13676000000.0,8852000000.0,,,361000000.0,CAD
10,2011,14110000000.0,9461000000.0,,,47000000.0,CAD
10,2012,14727000000.0,9630000000.0,,,333000000.0,CAD
10,2013,17060000000.0,9963000000.0,,,476000000.0,CAD
10,2014,16550000000.0,10940000000.0,,,226000000.0,CAD
10,2015,19637000000.0,14841000000.0,,,650000000.0,CAD
10,2016,19221000000.0,14595000000.0,,,164000000.0,CAD
10,2017,20135000000.0,13698000000.0,,,338000000.0,CAD
10,2018,21254000000.0,14618000000.0,,,61000000.0,CAD
10,2019,22367000000.0,15298000000.0,,,133000000.0,CAD
10,2020,23640000000.0,16321000000.0,,,147000000.0,CAD
10,2021,68177000000.0,34348000000.0,,,69000000.0,CAD
10,2022,73495000000.0,34609000000.0,,,451000000.0,CAD
10,2023,79902000000.0,37491000000.0,,,464000000.0,CAD
10,2024,87744000000.0,38854000000.0,,,739000000.0,CAD
10,2025,85945000000.0,39120000000.0,,,184000000.0,CAD
11,2014,,,,,41953000.0,CAD
11,2015,243712000.0,,,,110070000.0,CAD
11,2016,490558000.0,,,,84013000.0,CAD
11,2017,1113564000.0,,,,141677000.0,CAD
11,2018,2254785000.0,,,,410683000.0,CAD
11,2019,3489479000.0,,,,649916000.0,CAD
11,2020,7762905000.0,,,,2703597000.0,CAD
11,2021,13340172000.0,,,,2502992000.0,CAD
11,2022,10757000000.0,,,,1649000000.0,CAD
11,2023,11299000000.0,,,,1413000000.0,CAD
11,2024,13924000000.0,,,,1498000000.0,CAD
11,2025,15189000000.0,,,,1545000000.0,CAD
13,2007,,,,,816000000.0,CAD
13,2008,,,,,1264000000.0,CAD
13,2009,27683000000.0,23764000000.0,,,1120000000.0,CAD
13,2010,32241000000.0,27834000000.0,,,1099000000.0,CAD
13,2011,35838000000.0,31281000000.0,,,1324000000.0,CAD
13,2012,39171000000.0,34423000000.0,,,1705000000.0,CAD
13,2013,42087000000.0,37318000000.0,,,1639000000.0,CAD
13,2014,47513000000.0,42481000000.0,,,1343000000.0,CAD
13,2015,49837000000.0,45067000000.0,,,1220000000.0,CAD
13,2016,55072000000.0,50153000000.0,,,2107000000.0,CAD
13,2017,60658000000.0,55324000000.0,,,2338000000.0,CAD
13,2018,63456000000.0,58484000000.0,,,1515000000.0,CAD
13,2019,70130000000.0,63861000000.0,,,2314000000.0,CAD
13,2020,73710000000.0,66921000000.0,,,1665000000.0,CAD
13,2021,28931000000.0,23919000000.0,,,2131000000.0,CAD
13,2022,28831000000.0,24779000000.0,,,872000000.0,CAD
13,2023,29787000000.0,25529000000.0,,,1225000000.0,CAD
13,2024,30836000000.0,26370000000.0,,,1406000000.0,CAD
13,2025,32642000000.0,27822000000.0,,,1727000000.0,CAD
14,2008,,,,,88730000.0,CAD
14,2009,,,,,305074000.0,CAD
14,2010,4256363000.0,3549485000.0,,,514130000.0,CAD
14,2011,4785945000.0,4026607000.0,,,294289000.0,CAD
14,2012,4906335000.0,4142327000.0,,,513926000.0,CAD
14,2013,7161582000.0,6108333000.0,,,179561000.0,CAD
14,2014,8578846000.0,7350671000.0,,,188170000.0,CAD
14,2015,8951697000.0,7709569000.0,,,175302000.0,CAD
14,2016,9509607000.0,8258595000.0,,,224238000.0,CAD
14,2017,12716886000.0,10766964000.0,,,342533000.0,CAD
14,2018,13095145000.0,11061496000.0,,,277587000.0,CAD
14,2019,14079524000.0,11919562000.0,,,247673000.0,CAD
14,2020,16584779000.0,14237172000.0,,,653766000.0,CAD
14,2021,20945333000.0,18356591000.0,,,824714000.0,CAD
14,2022,31848639000.0,29368813000.0,,,1294643000.0,CAD
14,2023,52173596000.0,47178562000.0,,,2162534000.0,CAD
14,2024,51576000000.0,46458000000.0,,,1878000000.0,CAD
14,2025,66832000000.0,58992000000.0,,,2380000000.0,CAD
15,2017,11624400000.0,,,,3400000.0,CAD
15,2018,25598100000.0,,,,160300000.0,CAD
15,2019,25975900000.0,,,,23200000.0,CAD
15,2020,27114800000.0,,,,144900000.0,CAD
15,2021,28520500000.0,,,,26200000.0,CAD
15,2022,29489900000.0,,,,25200000.0,CAD
15,2023,30976100000.0,,,,27700000.0,CAD
15,2024,32282100000.0,,,,22000000.0,CAD
15,2025,33948500000.0,,,,19800000.0,CAD
16,2018,,,,,388100000.0,CAD
16,2019,31255500000.0,19371700000.0,,,475600000.0,CAD
16,2020,61553000000.0,38598900000.0,,,844400000.0,CAD
16,2021,54842800000.0,34350100000.0,,,701200000.0,CAD
16,2022,50022200000.0,28949900000.0,,,1259900000.0,CAD
16,2023,47685500000.0,27218100000.0,,,991900000.0,CAD
16,2024,41500900000.0,22865400000.0,,,734800000.0,CAD
16,2025,37193100000.0,22481800000.0,,,1322400000.0,CAD
17,2008,,,,,40600000.0,CAD
17,2009,,,,,364400000.0,CAD
17,2010,2289700000.0,860500000.0,,,571600000.0,CAD
17,2011,2380500000.0,921500000.0,,,311200000.0,CAD
17,2012,2328600000.0,984000000.0,,,288300000.0,CAD
17,2013,2752000000.0,1084700000.0,,,399900000.0,CAD
17,2014,2771900000.0,1601200000.0,,,267700000.0,CAD
17,2015,3492700000.0,1707700000.0,,,864100000.0,CAD
17,2016,15901200000.0,11494300000.0,,,736100000.0,CAD
17,2017,15701600000.0,10312100000.0,,,866400000.0,CAD
17,2018,16332800000.0,9150500000.0,,,1097800000.0,CAD
17,2019,13501200000.0,7858300000.0,,,422100000.0,CAD
17,2020,19574600000.0,13319800000.0,,,539200000.0,CAD
17,2021,20696000000.0,13410700000.0,,,1416700000.0,CAD
17,2022,21721800000.0,14003300000.0,,,984900000.0,CAD
17,2023,23022100000.0,14270600000.0,,,642800000.0,CAD
17,2024,22023500000.0,14710400000.0,,,425200000.0,CAD
17,2025,18644000000.0,14666600000.0,,,1256500000.0,CAD
17,2026,13466200000.0,9711300000.0,,,717800000.0,CAD
18,2007,,,,,9405000.0,CAD
18,2008,,,,,41444000.0,CAD
18,2009,1160613000.0,,,,58093000.0,CAD
18,2010,1237227000.0,,,,126498000.0,CAD
18,2011,1268148000.0,,,,15673000.0,CAD
18,2012,1682055000.0,,,,73770000.0,CAD
18,2013,1669531000.0,,,,19478000.0,CAD
18,2014,1791067000.0,,,,24447000.0,CAD
18,2015,1788442000.0,,,,35229000.0,CAD
18,2016,1874649000.0,,,,56010000.0,CAD
18,2017,2046877000.0,,,,80496000.0,CAD
18,2018,2161033000.0,,,,82894000.0,CAD
18,2019,2556161000.0,,,,74454000.0,CAD
18,2020,2484347000.0,,,,146067000.0,CAD
18,2021,3085861000.0,,,,118268000.0,CAD
18,2022,3488214000.0,,,,147505000.0,CAD
18,2023,3729182000.0,,,,210112000.0,CAD
18,2024,4479523000.0,,,,526271000.0,CAD
18,2025,4414805000.0,,,,433283000.0,CAD
20,2009,,,,,792426.0,CAD
20,2010,5315170.0,4745835.0,,,1010096.0,CAD
20,2011,966703.0,2237794.0,,,43437.0,CAD
20,2012,1136841.0,2354823.0,,,83989.0,CAD
20,2013,2701405.0,1650470.0,,,2023349.0,CAD
20,2014,2067449.0,1308388.0,,,843632.0,CAD
20,2015,20416079.0,2266162.0,,,4321078.0,CAD
20,2016,17289365.0,1836477.0,,,1061307.0,CAD
20,2017,16078822.0,2325527.0,,,288721.0,CAD
20,2018,11692332.0,1226110.0,,,323943.0,CAD
20,2019,2496698.0,4781871.0,,,79013.0,CAD
20,2020,22520572.0,2185453.0,,,16993096.0,CAD
20,2021,17769041.0,2153586.0,,,7754046.0,CAD
20,2022,11344255.0,6042699.0,,,2635522.0,CAD
20,2023,4517035.0,3453470.0,,,511400.0,CAD
20,2024,8615560.0,4843528.0,,,437604.0,CAD
20,2025,8303315.0,3196510.0,,,2694663.0,CAD
21,2015,,,,,6724000000.0,CAD
21,2016,,,,,6855000000.0,CAD
21,2017,915273000000.0,853648000000.0,,,7825000000.0,CAD
21,2018,998493000000.0,930813000000.0,,,8997000000.0,CAD
21,2019,1086161000000.0,1015969000000.0,,,10904000000.0,CAD
21,2020,1136466000000.0,1065963000000.0,,,11123000000.0,CAD
21,2021,1184844000000.0,1111952000000.0,,,9693000000.0,CAD
21,2022,1349418000000.0,1274669000000.0,,,11065000000.0,CAD
21,2023,1411043000000.0,1332472000000.0,,,10173000000.0,CAD
21,2024,1412027000000.0,1327951000000.0,,,9406000000.0,CAD
21,2025,1460042000000.0,1371455000000.0,,,10256000000.0,CAD
22,2008,,,,,34030000.0,CAD
22,2009,271513000.0,,,,6133000.0,CAD
22,2010,369480000.0,133865000.0,,,3735000.0,CAD
22,2011,447017000.0,89928000.0,,,10128000.0,CAD
22,2012,705309000.0,323732000.0,,,9719000.0,CAD
22,2013,728283000.0,322577000.0,,,7459000.0,CAD
22,2014,747165000.0,311906000.0,,,7355000.0,CAD
22,2015,778728000.0,312625000.0,,,4177000.0,CAD
22,2016,942803000.0,444614000.0,,,19171000.0,CAD
22,2017,1111811000.0,435477000.0,,,32336000.0,CAD
22,2018,1620012000.0,687237000.0,,,67359000.0,CAD
22,2019,1757321000.0,807377000.0,,,44320000.0,CAD
22,2020,1664396000.0,705821000.0,,,56916000.0,CAD
22,2021,1648294000.0,608495000.0,,,67750000.0,CAD
22,2022,1663966000.0,519569000.0,,,58408000.0,CAD
22,2023,2325244000.0,1123244000.0,,,587036000.0,CAD
22,2024,2418603000.0,1039244000.0,,,376715000.0,CAD
22,2025,2685922000.0,1101619000.0,,,446404000.0,CAD
23,2008,,,,,9332.0,CAD
23,2009,,,,,150.0,CAD
23,2010,102363554.0,,,,150.0,CAD
23,2011,90107428.0,,,,150.0,CAD
23,2012,141045236.0,,,,292874.0,CAD
23,2013,135156519.0,,,,50.0,CAD
23,2014,117137344.0,,,,10743946.0,CAD
23,2015,122914781.0,,,,18392462.0,CAD
23,2016,121240557.0,,,,11654648.0,CAD
23,2017,123216647.0,,,,683523.0,CAD
23,2018,144854183.0,,,,7197082.0,CAD
23,2019,167063256.0,,,,624681.0,CAD
23,2020,225823047.0,,,,3650950.0,CAD
23,2021,245286123.0,,,,833738.0,CAD
23,2022,311196770.0,,,,866699.0,CAD
23,2023,422730882.0,,,,72910336.0,CAD
23,2024,541893618.0,,,,39594084.0,CAD
23,2025,842782234.0,,,,8352627.0,CAD
25,2015,,,,,6512000000.0,CAD
25,2016,258238000000.0,235870000000.0,,,6509000000.0,CAD
25,2017,269112000000.0,246141000000.0,,,5956000000.0,CAD
25,2018,271827000000.0,247257000000.0,,,7194000000.0,CAD
25,2019,297202000000.0,272694000000.0,,,6685000000.0,CAD
25,2020,323011000000.0,297149000000.0,,,10648000000.0,CAD
25,2021,349144000000.0,326938000000.0,,,7693000000.0,CAD
25,2022,323608000000.0,300721000000.0,,,9372000000.0,CAD
25,2023,333241000000.0,309041000000.0,,,11170000000.0,CAD
25,2024,370721000000.0,344592000000.0,,,9954000000.0,CAD
25,2025,398455000000.0,372963000000.0,,,9599000000.0,CAD
29,2008,,,,,30000000.0,CAD
29,2009,,,,,34000000.0,CAD
29,2010,16522000000.0,,,,30000000.0,CAD
29,2011,17493000000.0,,,,13000000.0,CAD
29,2012,17651000000.0,,,,30000000.0,CAD
29,2013,17410000000.0,,,,27000000.0,CAD
29,2014,18649000000.0,,,,14000000.0,CAD
31,2016,,,,,485600000.0,CAD
31,2017,5397700000.0,3385400000.0,,,504700000.0,CAD
31,2018,5780200000.0,3482700000.0,,,611500000.0,CAD
31,2019,7165500000.0,4755500000.0,,,446100000.0,CAD
31,2020,8483600000.0,5905300000.0,,,946500000.0,CAD
31,2021,8748400000.0,5535600000.0,,,926100000.0,CAD
31,2022,9578800000.0,5492200000.0,,,346100000.0,CAD
31,2023,10436500000.0,5847600000.0,,,217600000.0,CAD
31,2024,9834100000.0,5531500000.0,,,160100000.0,CAD
31,2025,11213800000.0,6237800000.0,,,293700000.0,CAD
33,2006,,,,,29100000.0,CAD
33,2007,,,,,21800000.0,CAD
33,2008,19921400000.0,,,,68700000.0,CAD
33,2009,19540300000.0,,,,48000000.0,CAD
33,2010,19461900000.0,,,,88300000.0,CAD
33,2011,19551500000.0,,,,66300000.0,CAD
33,2012,19616900000.0,,,,67600000.0,CAD
33,2013,19949200000.0,,,,213300000.0,CAD
33,2014,20052400000.0,,,,75200000.0,CAD
33,2015,20535900000.0,,,,32400000.0,CAD
33,2016,20629600000.0,,,,67800000.0,CAD
33,2017,21147000000.0,,,,83300000.0,CAD
33,2018,21617000000.0,,,,70500000.0,CAD
33,2019,22683800000.0,,,,47100000.0,CAD
33,2020,23434000000.0,,,,38200000.0,CAD
33,2021,24955000000.0,,,,29000000.0,CAD
33,2022,29053000000.0,,,,143000000.0,CAD
33,2023,31410000000.0,,,,140000000.0,CAD
33,2024,32402000000.0,,,,74000000.0,CAD
33,2025,34366000000.0,,,,76000000.0,CAD
34,2006,,,,,107354000.0,CAD
34,2007,,,,,149979000.0,CAD
34,2008,1434676000.0,491980000.0,,,254916000.0,CAD
34,2009,1507236000.0,502044000.0,,,275819000.0,CAD
34,2010,1715682000.0,,,,326192000.0,CAD
34,2011,1932363000.0,,,,284140000.0,CAD
34,2012,2444293000.0,,,,559747000.0,CAD
34,2013,2654817000.0,,,,470445000.0,CAD
34,2014,3899698000.0,,,,427890000.0,CAD
34,2015,4353330000.0,,,,699999000.0,CAD
34,2016,5154144000.0,,,,1283757000.0,CAD
34,2017,7480562000.0,,,,443357000.0,CAD
34,2018,7765029000.0,,,,682942000.0,CAD
34,2019,7933975000.0,,,,941009000.0,CAD
34,2020,10234822000.0,,,,1692850000.0,CAD
34,2021,9609336000.0,,,,1607306000.0,CAD
34,2022,10178973000.0,,,,1693741000.0,CAD
34,2023,17089200000.0,,,,1231625000.0,CAD
34,2024,14205707000.0,,,,1280662000.0,CAD
34,2025,13774064000.0,,,,1156496000.0,CAD
35,2015,,,,,124150000.0,CAD
35,2016,7107951000.0,2615477000.0,,,539974000.0,CAD
35,2017,7865601000.0,2918610000.0,,,632978000.0,CAD
35,2018,7852843000.0,3302831000.0,,,301826000.0,CAD
35,2019,8789885000.0,3678371000.0,,,321897000.0,CAD
35,2020,9614755000.0,3931542000.0,,,402527000.0,CAD
35,2021,10216090000.0,4216319000.0,,,185786000.0,CAD
35,2022,23494808000.0,7253463000.0,,,658625000.0,CAD
35,2023,28684949000.0,9262034000.0,,,338648000.0,CAD
35,2024,29987018000.0,9154118000.0,,,926431000.0,CAD
35,2025,34471291000.0,9728827000.0,,,2866053000.0,CAD
