"company_name","fiscal_year","total_assets","prior_assets","asset_growth_pct"
Agnico Eagle Mines Limited,2016,7107951000.0,,
Agnico Eagle Mines Limited,2017,7865601000.0,7107951000.0,10.66
Agnico Eagle Mines Limited,2018,7852843000.0,7865601000.0,-0.16
Agnico Eagle Mines Limited,2019,8789885000.0,7852843000.0,11.93
Agnico Eagle Mines Limited,2020,9614755000.0,8789885000.0,9.38
Agnico Eagle Mines Limited,2021,10216090000.0,9614755000.0,6.25
Agnico Eagle Mines Limited,2022,23494808000.0,10216090000.0,129.98
Agnico Eagle Mines Limited,2023,28684949000.0,23494808000.0,22.09
Agnico Eagle Mines Limited,2024,29987018000.0,28684949000.0,4.54
Agnico Eagle Mines Limited,2025,34471291000.0,29987018000.0,14.95
Bank of Montreal,2017,709580000000.0,,
Bank of Montreal,2018,773293000000.0,709580000000.0,8.98
Bank of Montreal,2019,852195000000.0,773293000000.0,10.20
Bank of Montreal,2020,949261000000.0,852195000000.0,11.39
Bank of Montreal,2021,988175000000.0,949261000000.0,4.10
Bank of Montreal,2022,1139199000000.0,988175000000.0,15.28
Bank of Montreal,2023,1347006000000.0,1139199000000.0,18.24
Bank of Montreal,2024,1409647000000.0,1347006000000.0,4.65
Bank of Montreal,2025,1476802000000.0,1409647000000.0,4.76
Bank of Nova Scotia,2017,915273000000.0,,
Bank of Nova Scotia,2018,998493000000.0,915273000000.0,9.09
Bank of Nova Scotia,2019,1086161000000.0,998493000000.0,8.78
Bank of Nova Scotia,2020,1136466000000.0,1086161000000.0,4.63
Bank of Nova Scotia,2021,1184844000000.0,1136466000000.0,4.26
Bank of Nova Scotia,2022,1349418000000.0,1184844000000.0,13.89
Bank of Nova Scotia,2023,1411043000000.0,1349418000000.0,4.57
Bank of Nova Scotia,2024,1412027000000.0,1411043000000.0,0.07
Bank of Nova Scotia,2025,1460042000000.0,1412027000000.0,3.40
Barrick Gold Corporation,2009,27683000000.0,,
Barrick Gold Corporation,2010,32241000000.0,27683000000.0,16.46
Barrick Gold Corporation,2011,35838000000.0,32241000000.0,11.16
Barrick Gold Corporation,2012,39171000000.0,35838000000.0,9.30
Barrick Gold Corporation,2013,42087000000.0,39171000000.0,7.44
Barrick Gold Corporation,2014,47513000000.0,42087000000.0,12.89
Barrick Gold Corporation,2015,49837000000.0,47513000000.0,4.89
Barrick Gold Corporation,2016,55072000000.0,49837000000.0,10.50
Barrick Gold Corporation,2017,60658000000.0,55072000000.0,10.14
Barrick Gold Corporation,2018,63456000000.0,60658000000.0,4.61
Barrick Gold Corporation,2019,70130000000.0,63456000000.0,10.52
Barrick Gold Corporation,2020,73710000000.0,70130000000.0,5.10
Barrick Gold Corporation,2021,28931000000.0,73710000000.0,-60.75
Barrick Gold Corporation,2022,28831000000.0,28931000000.0,-0.35
Barrick Gold Corporation,2023,29787000000.0,28831000000.0,3.32
Barrick Gold Corporation,2024,30836000000.0,29787000000.0,3.52
Barrick Gold Corporation,2025,32642000000.0,30836000000.0,5.86
CAE Inc.,2017,5397700000.0,,
CAE Inc.,2018,5780200000.0,5397700000.0,7.09
CAE Inc.,2019,7165500000.0,5780200000.0,23.97
CAE Inc.,2020,8483600000.0,7165500000.0,18.40
CAE Inc.,2021,8748400000.0,8483600000.0,3.12
CAE Inc.,2022,9578800000.0,8748400000.0,9.49
CAE Inc.,2023,10436500000.0,9578800000.0,8.95
CAE Inc.,2024,9834100000.0,10436500000.0,-5.77
CAE Inc.,2025,11213800000.0,9834100000.0,14.03
Canadian Imperial Bank of Commerce,2009,271513000.0,,
Canadian Imperial Bank of Commerce,2010,369480000.0,271513000.0,36.08
Canadian Imperial Bank of Commerce,2011,447017000.0,369480000.0,20.99
Canadian Imperial Bank of Commerce,2012,705309000.0,447017000.0,57.78
Canadian Imperial Bank of Commerce,2013,728283000.0,705309000.0,3.26
Canadian Imperial Bank of Commerce,2014,747165000.0,728283000.0,2.59
Canadian Imperial Bank of Commerce,2015,778728000.0,747165000.0,4.22
Canadian Imperial Bank of Commerce,2016,942803000.0,778728000.0,21.07
Canadian Imperial Bank of Commerce,2017,1111811000.0,942803000.0,17.93
Canadian Imperial Bank of Commerce,2018,1620012000.0,1111811000.0,45.71
Canadian Imperial Bank of Commerce,2019,1757321000.0,1620012000.0,8.48
Canadian Imperial Bank of Commerce,2020,1664396000.0,1757321000.0,-5.29
Canadian Imperial Bank of Commerce,2021,1648294000.0,1664396000.0,-0.97
Canadian Imperial Bank of Commerce,2022,1663966000.0,1648294000.0,0.95
Canadian Imperial Bank of Commerce,2023,2325244000.0,1663966000.0,39.74
Canadian Imperial Bank of Commerce,2024,2418603000.0,2325244000.0,4.02
Canadian Imperial Bank of Commerce,2025,2685922000.0,2418603000.0,11.05
Canadian Natural Resources Limited,2010,5315170.0,,
Canadian Natural Resources Limited,2011,966703.0,5315170.0,-81.81
Canadian Natural Resources Limited,2012,1136841.0,966703.0,17.60
Canadian Natural Resources Limited,2013,2701405.0,1136841.0,137.62
Canadian Natural Resources Limited,2014,2067449.0,2701405.0,-23.47
Canadian Natural Resources Limited,2015,20416079.0,2067449.0,887.50
Canadian Natural Resources Limited,2016,17289365.0,20416079.0,-15.31
Canadian Natural Resources Limited,2017,16078822.0,17289365.0,-7.00
Canadian Natural Resources Limited,2018,11692332.0,16078822.0,-27.28
Canadian Natural Resources Limited,2019,2496698.0,11692332.0,-78.65
Canadian Natural Resources Limited,2020,22520572.0,2496698.0,802.01
Canadian Natural Resources Limited,2021,17769041.0,22520572.0,-21.10
Canadian Natural Resources Limited,2022,11344255.0,17769041.0,-36.16
Canadian Natural Resources Limited,2023,4517035.0,11344255.0,-60.18
Canadian Natural Resources Limited,2024,8615560.0,4517035.0,90.73
Canadian Natural Resources Limited,2025,8303315.0,8615560.0,-3.62
Canadian Pacific Kansas City,2010,13676000000.0,,
Canadian Pacific Kansas City,2011,14110000000.0,13676000000.0,3.17
Canadian Pacific Kansas City,2012,14727000000.0,14110000000.0,4.37
Canadian Pacific Kansas City,2013,17060000000.0,14727000000.0,15.84
Canadian Pacific Kansas City,2014,16550000000.0,17060000000.0,-2.99
Canadian Pacific Kansas City,2015,19637000000.0,16550000000.0,18.65
Canadian Pacific Kansas City,2016,19221000000.0,19637000000.0,-2.12
Canadian Pacific Kansas City,2017,20135000000.0,19221000000.0,4.76
Canadian Pacific Kansas City,2018,21254000000.0,20135000000.0,5.56
Canadian Pacific Kansas City,2019,22367000000.0,21254000000.0,5.24
Canadian Pacific Kansas City,2020,23640000000.0,22367000000.0,5.69
Canadian Pacific Kansas City,2021,68177000000.0,23640000000.0,188.40
Canadian Pacific Kansas City,2022,73495000000.0,68177000000.0,7.80
Canadian Pacific Kansas City,2023,79902000000.0,73495000000.0,8.72
Canadian Pacific Kansas City,2024,87744000000.0,79902000000.0,9.81
Canadian Pacific Kansas City,2025,85945000000.0,87744000000.0,-2.05
Canadian Tire Corporation Limited,2010,16522000000.0,,
Canadian Tire Corporation Limited,2011,17493000000.0,16522000000.0,5.88
Canadian Tire Corporation Limited,2012,17651000000.0,17493000000.0,0.90
Canadian Tire Corporation Limited,2013,17410000000.0,17651000000.0,-1.37
Canadian Tire Corporation Limited,2014,18649000000.0,17410000000.0,7.12
CGI Inc.,2008,19921400000.0,,
CGI Inc.,2009,19540300000.0,19921400000.0,-1.91
CGI Inc.,2010,19461900000.0,19540300000.0,-0.40
CGI Inc.,2011,19551500000.0,19461900000.0,0.46
CGI Inc.,2012,19616900000.0,19551500000.0,0.33
CGI Inc.,2013,19949200000.0,19616900000.0,1.69
CGI Inc.,2014,20052400000.0,19949200000.0,0.52
CGI Inc.,2015,20535900000.0,20052400000.0,2.41
CGI Inc.,2016,20629600000.0,20535900000.0,0.46
CGI Inc.,2017,21147000000.0,20629600000.0,2.51
CGI Inc.,2018,21617000000.0,21147000000.0,2.22
CGI Inc.,2019,22683800000.0,21617000000.0,4.94
CGI Inc.,2020,23434000000.0,22683800000.0,3.31
CGI Inc.,2021,24955000000.0,23434000000.0,6.49
CGI Inc.,2022,29053000000.0,24955000000.0,16.42
CGI Inc.,2023,31410000000.0,29053000000.0,8.11
CGI Inc.,2024,32402000000.0,31410000000.0,3.16
CGI Inc.,2025,34366000000.0,32402000000.0,6.06
Enbridge Inc.,2011,41494000000.0,,
Enbridge Inc.,2012,46800000000.0,41494000000.0,12.79
Enbridge Inc.,2013,57568000000.0,46800000000.0,23.01
Enbridge Inc.,2014,72857000000.0,57568000000.0,26.56
Enbridge Inc.,2015,84515000000.0,72857000000.0,16.00
Enbridge Inc.,2016,85209000000.0,84515000000.0,0.82
Enbridge Inc.,2017,162093000000.0,85209000000.0,90.23
Enbridge Inc.,2018,166905000000.0,162093000000.0,2.97
Enbridge Inc.,2019,163157000000.0,166905000000.0,-2.25
Enbridge Inc.,2020,160276000000.0,163157000000.0,-1.77
Enbridge Inc.,2021,168864000000.0,160276000000.0,5.36
Enbridge Inc.,2022,179608000000.0,168864000000.0,6.36
Enbridge Inc.,2023,180317000000.0,179608000000.0,0.39
Enbridge Inc.,2024,218973000000.0,180317000000.0,21.44
Enbridge Inc.,2025,218475000000.0,218973000000.0,-0.23
Fortis Inc.,2017,11624400000.0,,
Fortis Inc.,2018,25598100000.0,11624400000.0,120.21
Fortis Inc.,2019,25975900000.0,25598100000.0,1.48
Fortis Inc.,2020,27114800000.0,25975900000.0,4.38
Fortis Inc.,2021,28520500000.0,27114800000.0,5.18
Fortis Inc.,2022,29489900000.0,28520500000.0,3.40
Fortis Inc.,2023,30976100000.0,29489900000.0,5.04
Fortis Inc.,2024,32282100000.0,30976100000.0,4.22
Fortis Inc.,2025,33948500000.0,32282100000.0,5.16
George Weston Limited,2009,1160613000.0,,
George Weston Limited,2010,1237227000.0,1160613000.0,6.60
George Weston Limited,2011,1268148000.0,1237227000.0,2.50
George Weston Limited,2012,1682055000.0,1268148000.0,32.64
George Weston Limited,2013,1669531000.0,1682055000.0,-0.74
George Weston Limited,2014,1791067000.0,1669531000.0,7.28
George Weston Limited,2015,1788442000.0,1791067000.0,-0.15
George Weston Limited,2016,1874649000.0,1788442000.0,4.82
George Weston Limited,2017,2046877000.0,1874649000.0,9.19
George Weston Limited,2018,2161033000.0,2046877000.0,5.58
George Weston Limited,2019,2556161000.0,2161033000.0,18.28
George Weston Limited,2020,2484347000.0,2556161000.0,-2.81
George Weston Limited,2021,3085861000.0,2484347000.0,24.21
George Weston Limited,2022,3488214000.0,3085861000.0,13.04
George Weston Limited,2023,3729182000.0,3488214000.0,6.91
George Weston Limited,2024,4479523000.0,3729182000.0,20.12
George Weston Limited,2025,4414805000.0,4479523000.0,-1.44
Hydro One Limited,2019,31255500000.0,,
Hydro One Limited,2020,61553000000.0,31255500000.0,96.93
Hydro One Limited,2021,54842800000.0,61553000000.0,-10.90
Hydro One Limited,2022,50022200000.0,54842800000.0,-8.79
Hydro One Limited,2023,47685500000.0,50022200000.0,-4.67
Hydro One Limited,2024,41500900000.0,47685500000.0,-12.97
Hydro One Limited,2025,37193100000.0,41500900000.0,-10.38
Loblaw Companies Limited,2010,2289700000.0,,
Loblaw Companies Limited,2011,2380500000.0,2289700000.0,3.97
Loblaw Companies Limited,2012,2328600000.0,2380500000.0,-2.18
Loblaw Companies Limited,2013,2752000000.0,2328600000.0,18.18
Loblaw Companies Limited,2014,2771900000.0,2752000000.0,0.72
Loblaw Companies Limited,2015,3492700000.0,2771900000.0,26.00
Loblaw Companies Limited,2016,15901200000.0,3492700000.0,355.27
Loblaw Companies Limited,2017,15701600000.0,15901200000.0,-1.26
Loblaw Companies Limited,2018,16332800000.0,15701600000.0,4.02
Loblaw Companies Limited,2019,13501200000.0,16332800000.0,-17.34
Loblaw Companies Limited,2020,19574600000.0,13501200000.0,44.98
Loblaw Companies Limited,2021,20696000000.0,19574600000.0,5.73
Loblaw Companies Limited,2022,21721800000.0,20696000000.0,4.96
Loblaw Companies Limited,2023,23022100000.0,21721800000.0,5.99
Loblaw Companies Limited,2024,22023500000.0,23022100000.0,-4.34
Loblaw Companies Limited,2025,18644000000.0,22023500000.0,-15.34
Loblaw Companies Limited,2026,13466200000.0,18644000000.0,-27.77
National Bank of Canada,2010,102363554.0,,
National Bank of Canada,2011,90107428.0,102363554.0,-11.97
National Bank of Canada,2012,141045236.0,90107428.0,56.53
National Bank of Canada,2013,135156519.0,141045236.0,-4.18
National Bank of Canada,2014,117137344.0,135156519.0,-13.33
National Bank of Canada,2015,122914781.0,117137344.0,4.93
National Bank of Canada,2016,121240557.0,122914781.0,-1.36
National Bank of Canada,2017,123216647.0,121240557.0,1.63
National Bank of Canada,2018,144854183.0,123216647.0,17.56
National Bank of Canada,2019,167063256.0,144854183.0,15.33
National Bank of Canada,2020,225823047.0,167063256.0,35.17
National Bank of Canada,2021,245286123.0,225823047.0,8.62
National Bank of Canada,2022,311196770.0,245286123.0,26.87
National Bank of Canada,2023,422730882.0,311196770.0,35.84
National Bank of Canada,2024,541893618.0,422730882.0,28.19
National Bank of Canada,2025,842782234.0,541893618.0,55.53
OpenText Corporation,2008,1434676000.0,,
OpenText Corporation,2009,1507236000.0,1434676000.0,5.06
OpenText Corporation,2010,1715682000.0,1507236000.0,13.83
OpenText Corporation,2011,1932363000.0,1715682000.0,12.63
OpenText Corporation,2012,2444293000.0,1932363000.0,26.49
OpenText Corporation,2013,2654817000.0,2444293000.0,8.61
OpenText Corporation,2014,3899698000.0,2654817000.0,46.89
OpenText Corporation,2015,4353330000.0,3899698000.0,11.63
OpenText Corporation,2016,5154144000.0,4353330000.0,18.40
OpenText Corporation,2017,7480562000.0,5154144000.0,45.14
OpenText Corporation,2018,7765029000.0,7480562000.0,3.80
OpenText Corporation,2019,7933975000.0,7765029000.0,2.18
OpenText Corporation,2020,10234822000.0,7933975000.0,29.00
OpenText Corporation,2021,9609336000.0,10234822000.0,-6.11
OpenText Corporation,2022,10178973000.0,9609336000.0,5.93
OpenText Corporation,2023,17089200000.0,10178973000.0,67.89
OpenText Corporation,2024,14205707000.0,17089200000.0,-16.87
OpenText Corporation,2025,13774064000.0,14205707000.0,-3.04
Royal Bank of Canada,2017,1212853000000.0,,
Royal Bank of Canada,2018,1334734000000.0,1212853000000.0,10.05
Royal Bank of Canada,2019,1428935000000.0,1334734000000.0,7.06
Royal Bank of Canada,2020,1624548000000.0,1428935000000.0,13.69
Royal Bank of Canada,2021,1706323000000.0,1624548000000.0,5.03
Royal Bank of Canada,2022,1917219000000.0,1706323000000.0,12.36
Royal Bank of Canada,2023,2006531000000.0,1917219000000.0,4.66
Royal Bank of Canada,2024,2171582000000.0,2006531000000.0,8.23
Royal Bank of Canada,2025,2325006000000.0,2171582000000.0,7.07
Shopify Inc.,2015,243712000.0,,
Shopify Inc.,2016,490558000.0,243712000.0,101.29
Shopify Inc.,2017,1113564000.0,490558000.0,127.00
Shopify Inc.,2018,2254785000.0,1113564000.0,102.48
Shopify Inc.,2019,3489479000.0,2254785000.0,54.76
Shopify Inc.,2020,7762905000.0,3489479000.0,122.47
Shopify Inc.,2021,13340172000.0,7762905000.0,71.85
Shopify Inc.,2022,10757000000.0,13340172000.0,-19.36
Shopify Inc.,2023,11299000000.0,10757000000.0,5.04
Shopify Inc.,2024,13924000000.0,11299000000.0,23.23
Shopify Inc.,2025,15189000000.0,13924000000.0,9.09
Sun Life Financial Inc.,2016,258238000000.0,,
Sun Life Financial Inc.,2017,269112000000.0,258238000000.0,4.21
Sun Life Financial Inc.,2018,271827000000.0,269112000000.0,1.01
Sun Life Financial Inc.,2019,297202000000.0,271827000000.0,9.33
Sun Life Financial Inc.,2020,323011000000.0,297202000000.0,8.68
Sun Life Financial Inc.,2021,349144000000.0,323011000000.0,8.09
Sun Life Financial Inc.,2022,323608000000.0,349144000000.0,-7.31
Sun Life Financial Inc.,2023,333241000000.0,323608000000.0,2.98
Sun Life Financial Inc.,2024,370721000000.0,333241000000.0,11.25
Sun Life Financial Inc.,2025,398455000000.0,370721000000.0,7.48
Suncor Energy Inc.,2011,355486000.0,,
Suncor Energy Inc.,2012,403788000.0,355486000.0,13.59
Suncor Energy Inc.,2013,460203000.0,403788000.0,13.97
Suncor Energy Inc.,2014,484941000.0,460203000.0,5.38
Suncor Energy Inc.,2015,798991000.0,484941000.0,64.76
Suncor Energy Inc.,2016,1147418000.0,798991000.0,43.61
Suncor Energy Inc.,2017,1055835000.0,1147418000.0,-7.98
Suncor Energy Inc.,2018,977821000.0,1055835000.0,-7.39
Suncor Energy Inc.,2019,985217000.0,977821000.0,0.76
Suncor Energy Inc.,2020,730975000.0,985217000.0,-25.81
Suncor Energy Inc.,2021,706544000.0,730975000.0,-3.34
Suncor Energy Inc.,2022,616645000.0,706544000.0,-12.72
Suncor Energy Inc.,2023,565744000.0,616645000.0,-8.25
Suncor Energy Inc.,2024,528365000.0,565744000.0,-6.61
Suncor Energy Inc.,2025,485453000.0,528365000.0,-8.12
TC Energy Corporation,2011,47338000000.0,,
TC Energy Corporation,2012,48333000000.0,47338000000.0,2.10
TC Energy Corporation,2013,53898000000.0,48333000000.0,11.51
TC Energy Corporation,2014,58525000000.0,53898000000.0,8.58
TC Energy Corporation,2015,64398000000.0,58525000000.0,10.04
TC Energy Corporation,2016,88051000000.0,64398000000.0,36.73
TC Energy Corporation,2017,86101000000.0,88051000000.0,-2.21
TC Energy Corporation,2018,98920000000.0,86101000000.0,14.89
TC Energy Corporation,2019,99279000000.0,98920000000.0,0.36
TC Energy Corporation,2020,100300000000.0,99279000000.0,1.03
TC Energy Corporation,2021,104218000000.0,100300000000.0,3.91
TC Energy Corporation,2022,114348000000.0,104218000000.0,9.72
TC Energy Corporation,2023,125034000000.0,114348000000.0,9.35
TC Energy Corporation,2024,118243000000.0,125034000000.0,-5.43
TC Energy Corporation,2025,118751000000.0,118243000000.0,0.43
Teck Resources Limited,2010,4256363000.0,,
Teck Resources Limited,2011,4785945000.0,4256363000.0,12.44
Teck Resources Limited,2012,4906335000.0,4785945000.0,2.52
Teck Resources Limited,2013,7161582000.0,4906335000.0,45.97
Teck Resources Limited,2014,8578846000.0,7161582000.0,19.79
Teck Resources Limited,2015,8951697000.0,8578846000.0,4.35
Teck Resources Limited,2016,9509607000.0,8951697000.0,6.23
Teck Resources Limited,2017,12716886000.0,9509607000.0,33.73
Teck Resources Limited,2018,13095145000.0,12716886000.0,2.97
Teck Resources Limited,2019,14079524000.0,13095145000.0,7.52
Teck Resources Limited,2020,16584779000.0,14079524000.0,17.79
Teck Resources Limited,2021,20945333000.0,16584779000.0,26.29
Teck Resources Limited,2022,31848639000.0,20945333000.0,52.06
Teck Resources Limited,2023,52173596000.0,31848639000.0,63.82
Teck Resources Limited,2024,51576000000.0,52173596000.0,-1.15
Teck Resources Limited,2025,66832000000.0,51576000000.0,29.58
Toronto-Dominion Bank,2016,1176967000000.0,,
Toronto-Dominion Bank,2017,1278995000000.0,1176967000000.0,8.67
Toronto-Dominion Bank,2018,1334903000000.0,1278995000000.0,4.37
Toronto-Dominion Bank,2019,1415290000000.0,1334903000000.0,6.02
Toronto-Dominion Bank,2020,1715865000000.0,1415290000000.0,21.24
Toronto-Dominion Bank,2021,1728672000000.0,1715865000000.0,0.75
Toronto-Dominion Bank,2022,1917528000000.0,1728672000000.0,10.92
Toronto-Dominion Bank,2023,1955139000000.0,1917528000000.0,1.96
Toronto-Dominion Bank,2024,2061751000000.0,1955139000000.0,5.45
Toronto-Dominion Bank,2025,2094558000000.0,2061751000000.0,1.59
